333家居鞋館,333家居鞋館,拖鞋
3M,3M,新絲舒眠
74盎司,74盎司,74 OUNCE
7OCEANS,7OCEANS,七海傢具
ABOCOM,ABOCOM,友旺
ACER,ACER,雙A,宏碁
ACME MADE,ACME MADE,愛卡美迪
ADEN+ANAIS,ADEN+ANAIS,美國ADEN+ANAIS
A-DERMA,A-DERMA,艾芙美
ADIDAS,ADIDAS,愛迪達
AERFEIS,AERFEIS,阿爾飛斯
AESOP,AESOP,伊索
AGENIL,AGENIL,艾潔妮
AGNES B.,AGNES B.,阿尼亞斯貝
AHAVA,AHAVA,愛海薇
AJ HIPPO,AJ HIPPO,AJHIPPO,小河馬
ALBION,ALBION,艾倫比亞
ALCATEL,ALCATEL,阿爾卡特
ALISA,ALISA,愛麗莎
ALLEN,ALLEN,藍牙
ALLIN,ALLIN,十勝原机
ALLMAX,ALLMAX,奧美仕
ALLRIDE,ALLRIDE,歐萊德
ALTEAM,ALTEAM,亞立田
AMD,AMD,超微,美商超微
ANDALOU,ANDALOU,安德魯
ANESSA,ANESSA,安耐曬
ANGEL LALA,ANGEL LALA,陳德容
ANGEL'S GARDEN,ANGEL'S GARDEN,小馬包
ANNA SUI,ANNA SUI,安娜蘇
ANTEC,ANTEC,安鈦克
AOC,AOC,冠捷,艾德蒙
APPLE,APPLE,蘋果,賈伯斯
APRILIA,APRILIA,摩托之星
AQP,AQP,水通道
ARDELL,ARDELL,艾黛兒
ARDEN,ARDEN,雅頓
ARIEL,ARIEL,艾瑞爾
ARNOLD PALMER,ARNOLD PALMER,雨傘牌
AROMASE,AROMASE,艾瑪絲
ART,ART,亞瑞鼎
ARTDECO,ARTDECO,雅蔻
ARWIN,ARWIN,雅聞
ASROCK,ASROCK,華擎
ASUS,ASUS,華碩,堅若磐石
ATAKE,ATAKE,威立達
AUDIO-TECHNICA,AUDIO-TECHNICA,鐵三角
AULA,AULA,狼蛛
AVEDA,AVEDA,肯夢
AVENE,AVENE,雅漾
AVERMEDIA,AVERMEDIA,圓剛
AVIRA,AVIRA,小紅傘
AVSAT,AVSAT,艾維斯特
AWBIO,AWBIO,美陸生技
BABYOU,BABYOU,姐妹淘
BADGER,BADGER,貝吉獾
BAGHERA,BAGHERA,法國BAGHERA
BALENCIAGA,BALENCIAGA,巴黎世家
BALL,BALL,波爾
BEAUTYTALK,BEAUTYTALK,美人語
BENEFIT,BENEFIT,貝玲妃
BENQ,BENQ,明基,明基電通
BENQ,BENQ,明碁
BENRO,BENRO,百諾
BE QUIET,BE QUIET,閉嘴
BESTVITE,BESTVITE,必賜力
BILLINGHAM,BILLINGHAM,白金漢包
BIOCHEM,BIOCHEM,倍優
BIOCROWN,BIOCROWN,百匡
BIODERMA,BIODERMA,貝德瑪
BIO-ESSENCE,BIO-ESSENCE,碧歐斯
BIONEO,BIONEO,德國百妮
BIOPEUTIC,BIOPEUTIC,葆療美
BIO-SWISS,BIO-SWISS,瑞士柏?絲
BIOTHERM,BIOTHERM,碧兒泉
BITFENIX,BITFENIX,火鳥
BLACKBERRY,BLACKBERRY,黑莓
BLACKMORES,BLACKMORES,澳佳寶
BLACK VENOM JEWELRY,BLACK VENOM JEWELRY,BLACK VENOM
BOBBI BROWN,BOBBI BROWN,芭比波朗
BOLIN WEBB,BOLIN WEBB,英國型感,掌上超跑
BONANZA,BONANZA,寶藝
BONNE NUIT,BONNE NUIT,BONNENUIT
BORGHESE,BORGHESE,貝佳斯
BOSCH,BOSCH,博世
BOTTEGA VENETA,BOTTEGA VENETA,BV
BRANDT,BRANDT,BAIRAN,白朗
BROTHER,BROTHER,兄弟
BUFFALO,BUFFALO,巴比祿,日本野牛
BULOVA,BULOVA,寶路華
BURBERRY,BURBERRY,帛柏莉,巴巴利
BURT'S BEES,BURT'S BEES,小蜜蜂,蜜蜂爺爺
BUTTERLION,BUTTERLION,奶油獅
CALVIN KLEIN,CALVIN KLEIN,CK
CAMKA,CAMKA,肯佳
CANON,CANON,佳能
CAPDASE,CAPDASE,卡登仕
CARAMELO,CARAMELO,彩糖鑽工坊
CASELOGIC,CASELOGIC,凱思
CASEMAN,CASEMAN,卡斯曼
CASIO,CASIO,卡西歐
CETAPHIL,CETAPHIL,舒特膚
CHANEL,CHANEL,香奈兒
CHANSON,CHANSON,強生
CHANTECAILLE,CHANTECAILLE,香緹卡
CHIC CHOC,CHIC CHOC,奇可俏可
CHIMEI,CHIMEI,奇美
CHRISTIAN,CHRISTIAN,迪奧、DIOR
CHRISTIAN DIOR,CHRISTIAN DIOR,CD,迪奧,DIOR
CITIZEN,CITIZEN,星辰
CITY DIAMOND,CITY DIAMOND,引雅
CLARINS,CLARINS,克蘭詩
CLE DE PEAUBEAUTE,CLE DE PEAUBEAUTE,肌膚之鑰,CLE DE PEAU
CLINIQUE,CLINIQUE,倩碧
CLIO,CLIO,珂莉奧
COACH,COACH,蔻馳
COMEFREE,COMEFREE,康芙麗
COMPRO,COMPRO,康博
CONI BEAUTY,CONI BEAUTY,小康倪
CONI,CONI,康倪
COOLMASTER,COOLMASTER,酷媽,酷冷至尊
COOLPAD,COOLPAD,酷派
CORECAR,CORECAR,酷卡
CORELLE,CORELLE,康寧
CORSAIR,CORSAIR,海盜船
COSME DECORTE,COSME DECORTE,黛珂
COUGAR,COUGAR,美洲獅
COWAY,COWAY,格威
CPU,CPU,中央處理器
CRABTREE,CRABTREE,瑰柏翠
CRYSTAL BALL,CRYSTAL BALL,狗頭包
C-SKIN,C-SKIN,杜克
CUISINART,CUISINART,美膳雅
CYBERSLIM,CYBERSLIM,大衛肯尼
DAIKIN,DAIKIN,大金
DALI,DALI,達利
D&C,D&C,喜萊吉
DELL,DELL,戴爾
DELONGHI,DELONGHI,DE’LONGHI,迪朗奇
DENNYS,DENNYS,丹尼斯
DENON,DENON,天龍
D.HIGH,D.HIGH,帝海
DI JIA,DI JIA,帝迦
DISEGNO,DISEGNO,DS
DMC,DMC,欣蘭
DOWAI,DOWAI,多偉
DOWANA,DOWANA,多瓦娜
DR.BATTERY,DR.BATTERY,電池王
DR.BRONNER,DR.BRONNER,S,布朗博士
DR.DOUXI,DR.DOUXI,朵璽
DR.HAUSCHKA,DR.HAUSCHKA,德國世家
DR.HSIEH,DR.HSIEH,謝明浚,謝醫生
DR.HU,DR.HU,胡博士
DR. JOU,DR. JOU,森田藥妝
DR.WU,DR.WU,達爾膚,吳醫生
DUCKY,DUCKY,創傑
DYSON,DYSON,DYSON,戴森
EASTREAM,EASTREAM,東潮
EIZO,EIZO,藝卓
EJG,EJG,伊澤靚
E’LOO,E’LOO,ELOO,伊力奧
ELTAC,ELTAC,歐頓
EMMAS,EMMAS,愛瑪仕
EMPORIO ARMANI,EMPORIO ARMANI,ARMANI,A│X ARMANI EXCHANGE,亞曼尼,阿曼尼
ENEGREEN,ENEGREEN,綠恩
ENERGIZER,ENERGIZER,勁量
ENERMAX,ENERMAX,保銳
ENICAR,ENICAR,英納格
ENVISION,ENVISION,易美訊
EPICGEAR,EPICGEAR,藝極
EPOS,EPOS,愛寶時
EPSON,EPSON,愛普生
ERGOTECH,ERGOTECH,人因科技
ESTEELAUDER,ESTEELAUDER,雅詩蘭黛
ETUDE HOUSE,ETUDE HOUSE,伊蒂之屋
EVERLIGHT,EVERLIGHT,億光
EVGA,EVGA,艾維克
EVIAN,EVIAN,愛維養
EXPC,EXPC,X-LIGHTING
EYAH,EYAH,宜雅
FAM FIAIR,FAM FIAIR,汎妃爾
FAMILLE MARY,FAMILLE MARY,瑪莉家族
FAREASTONE,FAREASTONE,遠傳,SMART
FENDI,FENDI,芬迪
FERRARI,FERRARI,法拉利
FLIGHTLINE,FLIGHTLINE,京兆日
FMF,FMF,方美方
FONESTUFF,FONESTUFF,瘋金剛
FOO LOO SHO,FOO LOO SHO,F FOR FINE ARTS,福祿壽
FOTOPRO,FOTOPRO,富圖寶
FOXXRAY,FOXXRAY,狐鐳
FPS,FPS,全漢
FRIGIDAIRE,FRIGIDAIRE,富及第
FUJIXEROR,FUJIXEROR,全錄,富士全錄
FUKADAC,FUKADAC,深田
GALAXY,GALAXY,影馳,銀河
GAMDIAS,GAMDIAS,台灣競電
GECHIC,GECHIC,給奇
GE,GE,奇異
GENIE,GENIE,瓶中精靈
GENIUS,GENIUS,昆盈
GENUINE,GENUINE,捷元
GEORG JENSEN,GEORG JENSEN,喬治傑生
GIANT,GIANT,捷安特
GIGABYTE,GIGABYTE,技嘉
GIVENCHY,GIVENCHY,紀梵希
GLY DERM,GLY DERM,果蕾
GPLUS,GPLUS,G-PLUS
GPS,GPS,GPS衛星導航,GPS導航,衛星導航
GREAT LIVING,GREAT LIVING,格蕾
GREYSA,GREYSA,格蕾莎
GSMART,GSMART,G-SMART
GUCCI,GUCCI,古馳
GUERLAIN,GUERLAIN,嬌蘭
GUNDAM,GUNDAM,GUNDAM,高達,機動戰士 高達,機動戰士 鋼彈,GUNDAM
HADUKI,HADUKI,葉月
HAMILTON,HAMILTON,漢米爾頓
HANSKIN,HANSKIN,韓斯清
HEC,HEC,偉訓
HELLO KITTY,HELLO KITTY,三麗鷗
HEME,HEME,喜蜜
HERAN,HERAN,禾聯,RANSO,聯碩,禾聯碩
HERBACIN,HERBACIN,德國小甘菊
HERBORIST,HERBORIST,佰草集
HERMES,HERMES,愛馬仕
HERRINGBONE,HERRINGBONE,翰尼寶
HGST,HGST,昱科,HITACHI,日立
HITACHI,HITACHI,日立
HL,HL,煌隆
HOLIKA HOLIKA,HOLIKA HOLIKA,魔法公主
HONEYWELL,HONEYWELL,霍尼韋爾
HOOMIA,HOOMIA,好米亞
HP,HP,惠普
HTC,HTC,宏達電
HUAWEI,HUAWEI,華為
IDES,IDES,愛蒂思
IDO,IDO,船井、醫朵
IMARFLEX,IMARFLEX,伊瑪牌,日本伊瑪
INATRAP,INATRAP,捕蚊達人
INFOCUS,INFOCUS,富可士,富可視
INFOCUS,INFOCUS,郭董,鴻海
INFOTHINK,INFOTHINK,訊想
INHON,INHON,應宏
INTEL,INTEL,英特爾
ITOK,ITOK,拓客
J'CODE,J'CODE,真愛密碼
JENOVA,JENOVA,吉尼佛
JERBOA,JERBOA,捷寶
JILLSTUART,JILLSTUART,吉麗絲朵
JINKON,JINKON,晶工
JOYOUNG,JOYOUNG,九陽
JPOWER,JPOWER,杰強
JUMELLE,JUMELLE,佐媚朵爾
JURLIQUE,JURLIQUE,茱莉蔻
KAI,KAI,貝印
KAMERA,KAMERA,佳美能
KANEBO,KANEBO,佳麗寶
KARCHER,KARCHER,凱馳
KASPERSKY,KASPERSKY,卡巴斯基,卡巴
KENK,KENK,嘉儀
KIEHL'S,KIEHL'S,契爾氏
KINGMAX,KINGMAX,勝創
KINGTEL,KINGTEL,西陵
KOLIN,KOLIN,歌林
KOSE,KOSE,高絲
KOZAWA,KOZAWA,小澤
KRYOLAN,KRYOLAN,歌劇魅影
K'S凱恩絲,K'S凱恩絲,凱恩絲,K'S,KS
LACTACYD,LACTACYD,立朵舒
LA MER,LA MER,海洋拉娜
LA MIER,LA MIER,阿蜜爾
LAMOUR,LAMOUR,藍沐
LANAMI,LANAMI,絲心萃、台糖
LANCOME,LANCOME,蘭蔻
LANEIGE,LANEIGE,蘭芝
LANOPEARL,LANOPEARL,朗沛柔
LANTIC,LANTIC,喬帝
LA ROCHE-POSAY,LA ROCHE-POSAY,理膚寶水
LAURA MERCIER,LAURA MERCIER,蘿拉蜜思
LEADTEK,LEADTEK,麗台
LEGERE,LEGERE,蘭吉兒
LEICA,LEICA,徠卡
LENOVO,LENOVO,聯想
L'ERBOLARIO,L'ERBOLARIO,蕾莉歐
LEXMARK,LEXMARK,利盟
LIFKIN,LIFKIN,品御方
LJH,LJH,麗緻韓
L'OCCITANE,L'OCCITANE,歐舒丹
LOCKLOCK,LOCKLOCK,樂扣樂扣
LOFE,LOFE,羅芙
LOGITECH,LOGITECH,羅技
LOMOGRAPHY,LOMOGRAPHY,LOMO
LONGINES,LONGINES,浪琴
LOVEISDERMA,LOVEISDERMA,愛斯德瑪
LUMINOX,LUMINOX,雷明時
LUSH,LUSH,露詩
LUXURY TECH,LUXURY TECH,御立精品
MAC,MAC,麥金塔,MACBOOK
MAD CATZ,MAD CATZ,美加獅
MANFROTTO,MANFROTTO,曼富圖
MARC JACOBS,MARC JACOBS,MJ
MAURICE LACROIX,MAURICE LACROIX,艾美
MAVOLY,MAVOLY,松聖
MAX STAR,MAX STAR,太星,太星電工
MAYTAG,MAYTAG,美泰克
MCAFEE,MCAFEE,麥考菲,邁克菲
MCHALL'S,MCHALL'S,麥荷氏
MEGA LIFE,MEGA LIFE,營養生活
MELVITA,MELVITA,蜜葳特
MERIDA,MERIDA,美利達
ME&WE,ME&WE,MEWEBEAUTY
MIDO,MIDO,美度
MINIBODY,MINIBODY,纖活
MITSUBISHI,MITSUBISHI,三菱,三菱電機
MOLIFUN,MOLIFUN,魔力坊
MONDAINE,MONDAINE,瑞士國鐵
&MORE,&MORE,愛迪莫
MR.BATTERY,MR.BATTERY,電池先生
MR.CHIA,MR.CHIA,奇亞纖生
MSI,MSI,微星
MUSTELA,MUSTELA,慕之恬廊
MY MON,MY MON,夢工場
NATUDERM,NATUDERM,德國有機
NATURE'S GATE,NATURE'S GATE,天然之扉
NEOGENCE,NEOGENCE,霓淨思
NEOSTRATA,NEOSTRATA,妮傲絲翠
NEVERMITE,NEVERMITE,雷伏蹣
NG,NG,國家地理包,NATIONAL GEOGRAPHIC
NIKKO,NIKKO,日光
NIKON,NIKON,尼康
NOKIA,NOKIA,諾基亞
NORDIC NATURALS,NORDIC NATURALS,北歐天然
NOV,NOV,娜芙
NOW,NOW,健而婷
NUXE,NUXE,黎可詩
NYPI,NYPI,南亞
NZXT,NZXT,恩杰
OA,OA,辦公傢俱,辦公家具
OGIVAL,OGIVAL,愛其華
OLIDSHOP,OLIDSHOP,奧立
OLYMPUX,OLYMPUX,奧林巴斯
OMAKE世界雜貨,OMAKE世界雜貨,OMAKE
OPTOMA,OPTOMA,奧圖碼
ORGANIKA,ORGANIKA,優格康
ORIENT,ORIENT,東方
ORIGINS,ORIGINS,品木宣言
OSERIO,OSERIO,歐瑟若
OSRAM,OSRAM,歐司朗
PANASONIC,PANASONIC,松下,國際牌
PAPER SHOOT,PAPER SHOOT,PAPERSHOOT,紙可拍
PAUL FRANK,PAUL FRANK,大嘴猴
PENELOPI MOON,PENELOPI MOON,月光皂
PENTAX,PENTAX,賓得士
PHILIPS,PHILIPS,飛利浦,菲利浦
PINOH,PINOH,品諾
PIONEER,PIONEER,先鋒
PLAYSTATION,PLAYSTATION,PS
PLEXTOR,PLEXTOR,浦科特
PORSCHE DESIGN,PORSCHE DESIGN,保時捷
POWERCOLOR,POWERCOLOR,撼訊
PRADA,PRADA,普拉達
PROTON,PROTON,普騰
PX,PX,大通
RADO,RADO,雷達
RALPH LAUREN,RALPH LAUREN,RL
RAZER,RAZER,雷蛇
RECSUR,RECSUR,銳攝
RICHELL,RICHELL,利其爾
RICOH,RICOH,理光
ROAMER,ROAMER,羅馬錶
ROCCAT,ROCCAT,冰豹
ROSA,ROSA,羅莎
ROSEBUD,ROSEBUD,玫瑰花蕾
ROVEN DINO,ROVEN DINO,羅梵迪諾
ROYAL DAMON,ROYAL DAMON,羅亞戴蒙
RUNVE,RUNVE,貝思得
RUSSELL HOBBS,RUSSELL HOBBS,羅素
SADES,SADES,賽德斯
SAKURA,SAKURA,櫻花
SAMPO,SAMPO,聲寶
SAMSUNG,SAMSUNG,三星,三松
SAMSUNG,SAMSUNG,三星,三爽
SANDISK,SANDISK,新帝,增你強
SANSUI,SANSUI,山水
SANYO,SANYO,三洋,SANLUX
SAPPHIRE,SAPPHIRE,藍寶
SAUGELLA,SAUGELLA,賽吉兒
SCHOLL,SCHOLL,爽健
SEAGATE,SEAGATE,希捷
SEASONIC,SEASONIC,海韻
SEED,SEED,種子
SEIKO,SEIKO,精工
SENNHEISER,SENNHEISER,聲海
SEVENTEAM,SEVENTEAM,七盟
SGP,SGP,SPIGEN
SHARKOON,SHARKOON,旋剛
SHARK,SHARK,鯊科
SHARP,SHARP,夏普,夏寶
SHILLS,SHILLS,舒兒絲
SHISEIDO,SHISEIDO,資生堂,東京櫃
SHU UEMURA,SHU UEMURA,植村秀
SIANG'S LIVING,SIANG'S LIVING,享居家
SIAN,SIAN,上淇
SILVERKINGS,SILVERKINGS,原生飾代
SILVERSTONE,SILVERSTONE,銀欣
SILVERTOWN,SILVERTOWN,銀鎮
SISLEY,SISLEY,希思黎
SOFINA,SOFINA,蘇菲娜
SOFNON,SOFNON,詩芙儂
SOO RYE HAN,SOO RYE HAN,秀麗韓
SOUNDBAR,SOUNDBAR,聲霸,聲棒,SOUND BAR
SPARKLE,SPARKLE,斯博科
STANDEL,STANDEL,詩丹麗
ST.CLARE,ST.CLARE,聖克萊爾
STEELSERIES,STEELSERIES,賽睿
STIEFEL,STIEFEL,史帝富
SULWHASOO,SULWHASOO,雪花秀
SUMMER'S EVE,SUMMER'S EVE,舒摩兒
SUNDOWN美國,SUNDOWN美國,日落恩賜
SUNHOW,SUNHOW,上豪
SUNPENTOWN,SUNPENTOWN,尚朋堂,SPT
SUPAFINE,SUPAFINE,勳風
SUPERCHANNEL,SUPERCHANNEL,視博通
SUPERFLOWER,SUPERFLOWER,振華,花蝴蝶
SVR,SVR,詩芙雅
SWISSVITA,SWISSVITA,瑞士薇佳
SYNCO,SYNCO,新格
TAG HEUER,TAG HEUER,豪雅
TAKASIMA,TAKASIMA,高島
TAMRAC,TAMRAC,美國達拉克
TATUNG,TATUNG,大同
TCSTART,TCSTART,連鈺
TECO,TECO,東元
TEGU,TEGU,美國TEGU
TESORO,TESORO,鐵修羅
THE BODY SHOP,THE BODY SHOP,美體小舖
THERMALTAKE,THERMALTAKE,曜越,TT,TTSPORT
THERMOS,THERMOS,膳魔師
THINKTANK,THINKTANK,創意坦克
TIGER,TIGER,虎牌
TISSOT,TISSOT,天梭
TITONI,TITONI,梅花
TOSHIBA,TOSHIBA,新禾科技,新禾,東芝
TRAVEL FOX,TRAVEL FOX,旅狐
TREETOP,TREETOP,樹昌
TRIUMPH,TRIUMPH,英國凱旋,凱旋
TSAIO,TSAIO,上山採藥
TWM,TWM,台哥大
UNITEC,UNITEC,彤妍
UPMOST,UPMOST,登昌恆
URIAGE,URIAGE,優麗雅
VALENTINO,VALENTINO,范倫鐵諾
VASELINE,VASELINE,凡士林
VERSACE,VERSACE,凡賽斯
VICHY,VICHY,薇姿
VICTORINOX,VICTORINOX,瑞士維氏
VIEWSONIC,VIEWSONIC,優派,三隻鳥,三鳥
VIGILL,VIGILL,婦潔
VITA-MIX,VITA-MIX,VITAMIX,美國VITA-MIX,美國VITAMIX
VITAMORE,VITAMORE,維他多
VIVITEK,VIVITEK,麗訊
VIZIO,VIZIO,瑞旭,瑞軒
VORNADO,VORNADO,沃拿多,雯麗
VXTRA,VXTRA,飛創
WD,WD,威騰
WEBCAM,WEBCAM,網路攝影機,視訊
WEBNER,WEBNER,葦柏納
WELLYPOWER,WELLYPOWER,威力盟
WHIRLPOOL,WHIRLPOOL,惠而浦
WKIDEA,WKIDEA,威力康,木作文化
WONSON,WONSON,THE CARROS,LADY CARRO
XANTIA,XANTIA,桑緹亞
XIGMATEK,XIGMATEK,富鈞科技
YAMAHA,YAMAHA,山葉
YAMASAK,YAMASAK,山崎
YUSKIN,YUSKIN,悠斯晶
ZOJIRUSHI,ZOJIRUSHI,象印
ZOWIE,ZOWIE,台灣江品
三多,三多,SENTOSA
三得利,三得利,SUNTORY
中華海洋生技公司,中華海洋生技公司,HI-Q
亞山娜生技,亞山娜生技,ASANAS
伊萊克斯,伊萊克斯,ELECTROLUX
伸展帶,伸展帶,彈力帶
佛珠,佛珠,念珠
你滋美得,你滋美得,NUTRIMATE
保冷瓶,保冷瓶,保冷杯
保溫瓶,保溫瓶,保溫杯,燜燒杯,燜燒罐
保護貼,保護貼,螢幕保護貼,保貼
傳輸線,傳輸線,充電線
元璽生醫,元璽生醫,NATCH
光碟機,光碟機,光驅
克補,克補,STRESSTABS
內衣,內衣,胸罩,文胸,BRA
內褲,內褲,底褲,小褲
公路車,公路車,平把公路車,彎把公路車
冰涼墊,冰涼墊,冷凝墊
利得,利得,LEADER
刮毛球機,刮毛球機,除毛球機
創見,創見,TRANSCAND
加濕機,加濕機,保濕機,加濕器,水氧機
勝利,勝利,VICTORY
博依,博依,BEURER
卡拉OK,卡拉OK,卡啦PK
印地安,印地安,INDIAN
印表機,印表機,打印機,PRINTER,列印機,事務機,多功能事務機
厚底鞋,厚底鞋,鬆糕鞋,防水台
古寶無患子,古寶無患子,古寶
古董,古董,雜貨,復古雜貨
可可,可可,巧克力,朱古力
台達,台達,DELTA
后,后,WHOO
吧台椅,吧台椅,吧檯椅,高腳椅
咖啡,咖啡,COFFEE
哺乳枕,哺乳枕,餵乳枕,授乳枕
唇膏,唇膏,口紅
善存,善存,CENTRUM
單車,單車,自行車,腳踏車
單速車,單速車,FIXED GEAR
固態硬碟,固態硬碟,SSD,固態硬盤,SOLID STATE DISK,SOLID STATE DRIVE,固態儲存器
地瓜,地瓜,番薯
坐墊,坐墊,和室墊
塑身褲,塑身褲,收腹褲,束塑褲,緊縮褲
塑身襪,塑身襪,美腿襪
壁貼,壁貼,牆貼
壓力鍋,壓力鍋,快鍋,萬用鍋
壓縮袋,壓縮袋,防塵袋
外套,外套,連帽外套,皮衣,風衣,長版外套,大衣
多立康,多立康,DOLICAN
天然,天然,有機
天絲,天絲,莫代爾,TENCEL
太陽眼鏡,太陽眼鏡,墨鏡
奢華,奢華,精品,貴婦
奧斯塔拉,奧斯塔拉,OSTARA
威剛,威剛,ADATA
婕洛妮絲,婕洛妮絲,JEALOUSNESS
嬰兒床,嬰兒床,嬰兒成長床,兒童床
宇瞻,宇瞻,APACER
家倍健,家倍健,NATUREMAX
家飾,家飾,傢飾
寢具,寢具,寢俱,家紡
寵愛之名,寵愛之名,FOR BELOVED ONE
小筆電,小筆電,上網本,NETBOOK
尼龍,尼龍,滌綸
尿布,尿布,尿褲
帝富特,帝富特,DIFF
平價,平價,小資,便宜
平底鍋,平底鍋,煎鍋,炒鍋
平板,平板,平版,PAD,平板電腦
床包,床包,床笠
床罩,床罩,床裙
床頭櫃,床頭櫃,邊櫃
廣穎,廣穎,SILICON POWER,廣穎電通,SP
後背包,後背包,背包
得意人生,得意人生,GOOD LIFE
循環扇,循環扇,循環機
微單眼相機,微單眼相機,微型單眼,可交換鏡頭數位相機
微軟,微軟,MICROSOFT
德國SWIMTRAINER,德國SWIMTRAINER,SWIM ACADEMY FREDS
慕斯,慕斯,慕絲
戒指,戒指,戒子
手機座,手機座,手機立架,手機支架
抗水抗油,抗水抗油,疏水疏油,抗油水
抗藍光,抗藍光,濾藍光
拋棄式內褲,拋棄式內褲,免洗內褲
拍立得,拍立得,INSTAX MINI
按摩棒,按摩棒,按摩器
挺立,挺立,CALTRATE
捲簾,捲簾,羅馬簾
掛燙機,掛燙機,燙衣機,蒸氣熨斗
揹巾,揹巾,揹帶
搖桿,搖桿,手把
摺疊車,摺疊車,折疊車,小折
摺疊鞋,摺疊鞋,蛋捲鞋,彎彎鞋
擴香,擴香,水竹精油
攪拌棒,攪拌棒,料理棒,調理棒
文創,文創,設計,文具,視覺設計,文化
文旦,文旦,柚子
文青,文青,小確幸,咖啡店,攝影
斗篷,斗篷,披肩
斜背包,斜背包,斜挎包,側背包
旅充,旅充,充電座,USB充電器
日本FOOTBALL ZOO,日本FOOTBALL ZOO,FOOTBALL ZOO,日本SFIDA,SFIDA
日本味王,日本味王,AJIOU
星譜生物科技,星譜生物科技,BIOLINE
時尚,時尚,流行,潮流
時間寵愛,時間寵愛,CHRONO AFFECTION
景岳生技,景岳生技,GM020
晶鑽,晶鑽,鋯石
暖蛋,暖蛋,懷爐
書桌,書桌,電腦桌
書櫃,書櫃,收納櫃,置物櫃,活動櫃
木領帶,木領帶,木質領帶
杏樹,杏樹,A.P.F,APF
束腹帶,束腹帶,束帶,綁腹帶
林三益,林三益,LAMSAMYICK,LSY
果汁機,果汁機,榨汁機,果菜汁機
桌上型電腦,桌上型電腦,PC,台式機,桌機,桌電
桌上架,桌上架,螢幕架
椅墊,椅墊,美臀墊
樑御珠寶,樑御珠寶,樑御
機殼,機殼,機箱
機車,機車,摩托車,MOTO,MOTOBIKE,速克達
檔車,檔車,打檔車,街車,野狼
正韓,正韓,韓國空運,南韓,韓,韓風,韓系
母乳袋,母乳袋,母乳保存袋,母乳儲存袋
永信藥品,永信藥品,HAC
汽座,汽座,汽車座椅,安全座椅
沙發床,沙發床,沙發椅,貴妃椅
沙發罩,沙發罩,沙發套,便利套
法國JANOD,法國JANOD,JANOD
法國VULLI,法國VULLI,蘇菲長頸鹿
泡麵,泡麵,速食麵,方便麵
洋裝,洋裝,連身裙,連身洋,連衣裙
洗面,洗面,潔面,洗臉,潔顏,洗顏
浴鏡,浴鏡,浴櫃
液晶螢幕,液晶螢幕,LCD,MONITOR,屏幕,LED,液晶
涼感衣,涼感衣,透氣衫,排汗衣
涼蓆,涼蓆,麻將蓆
淨水器,淨水器,整水器,電解水機
滑鼠,滑鼠,鼠標,MOUSE
漫畫,漫畫,動漫,卡漫
濕巾,濕巾,濕紙巾,紙巾,柔濕巾
無線路由器,無線路由器,無線基地台,小烏龜
煎藥壺,煎藥壺,中藥壺,藥膳壺
熨斗,熨斗,電熨斗
營養博氏,營養博氏,DR.NUTRITION
玩樂天堂,玩樂天堂,POCKYLAND
瑋恩書店,瑋恩書店,WAYNE BOOK
瑜珈球,瑜珈球,抗力球
瑞士GEOMAG,瑞士GEOMAG,GEOMAG
瘦身,瘦身,窈窕,減肥,減重,塑身
登山車,登山車,山地車
發熱衣,發熱衣,保暖衣
發財樹,發財樹,招財樹
百靈,百靈,ORAL-B,BRAUN
真鑽錶,真鑽錶,鑽石錶,鑽錶
短T,短T,T恤,TSHIRT,短袖,TEE,T-SHIRT
短裙,短裙,迷你裙,窄裙,半身裙
短褲,短褲,工作短褲,休閒短褲,熱褲
硬碟,硬碟,硬盤,HARDDISK,HDD
磨豆機,磨豆機,研磨機
票卡夾,票卡夾,證件夾,卡夾
立鏡,立鏡,穿衣鏡
筆,筆,原子筆,鉛筆,自動筆,簽字筆,色鉛筆
筆記型電腦,筆記型電腦,筆電,NB,NOTEBOOK,筆記本,超級本
絨毛玩具,絨毛玩具,娃娃,玩偶,布娃娃
綠寶,綠寶,GREEN GEM
維他命,維他命,維生素,VITAMIN
羅曼史,羅曼史,言情小說,文情小說
美光,美光,MICRON
美國BUMKINS,美國BUMKINS,BUMKINS
美國CLOUD B,美國CLOUD B,CLOUD B
美國LIFEFACTORY,美國LIFEFACTORY,LIFEFACTORY,美國唯樂
美國LITTLE TOADER,美國LITTLE TOADER,LITTLE TOADER
美國PEDIPED,美國PEDIPED,GRIP N' GO,PEDIPED
美白,美白,亮白,淨白
耳機塞,耳機塞,防塵塞
耳環,耳環,耳飾,耳針,耳鉤
背蓋,背蓋,保護殼,手機殼,手機蓋
與熊設計,與熊設計,IDEOSO
船井,船井,BURNER
芳珂,芳珂,FANCL
英國FUNKY FEET,英國FUNKY FEET,FUNKY FEET
茶几,茶几,邊几
茶寶,茶寶,TEAPOWER,TEA POWER
菲蘇德美,菲蘇德美,PHISODERM
薇達,薇達,WEDAR
藍光光碟,藍光光碟,檔案夾BLU-RAY DISC,BD,藍光光盤,藍光
行動電源,行動電源,電源,攜帶式電源,行動電池
行李箱,行李箱,旅行箱
行車記錄器,行車記錄器,行車紀錄器,行車紀錄儀,行車記錄儀
衣架,衣架,曬衣架
衣櫃,衣櫃,衣櫥
西裝褲,西裝褲,西服褲,西褲,正裝褲
視窗皮套,視窗皮套,開窗皮套,透視皮套,開窗套,透視套
親子教養,親子教養,教育,育兒,潛能開發
記憶體,記憶體,RAM,DRAM,LONG DIMM
詩丹雅蘭,詩丹雅蘭,STANLEN
調理機,調理機,料理機,慢磨機
資料夾,資料夾,檔案夾,文書夾,文件夾
踏墊,踏墊,地墊
車架,車架,車用立架,車用支架
車鎖,車鎖,大鎖,腳踏車鎖
運動鞋,運動鞋,慢跑鞋,健走鞋,路跑鞋,跑鞋
過膝長靴,過膝長靴,過膝靴
遠東生技,遠東生技,FEBICO
金士頓,金士頓,遠東金士頓,KINGSTON
鍵盤,鍵盤,KB,KEYBOARD
長T,長T,長T恤,長TSHIRT,長袖
長褲,長褲,休閒長褲
防曬,防曬,防晒
防皺,防皺,抗皺,除皺,除紋
隨身碟,隨身碟,大拇哥,PENDRIVE,U盤,优盤
隱形襪,隱形襪,隱形裸襪,裸襪,船型襪
零机齡,零机齡,UNISKIN
電子鍋,電子鍋,微電鍋
電扇,電扇,電風扇,風扇,涼扇
電火鍋,電火鍋,美食鍋,料理鍋,塔吉鍋
電熱水壺,電熱水壺,快煮壺,電茶壺,養生壺
電競,電競,電玩競技,電玩競賽
電腦椅,電腦椅,辦公椅
電視棒,電視棒,影音傳輸器
電視,電視,TV,液晶顯示器
鞋櫃,鞋櫃,鞋架
韓國IOPE,韓國IOPE,艾諾碧
音響,音響,喇叭,揚聲
餐券,餐券,餐卷
餐櫃,餐櫃,櫥櫃,碗盤櫃
香爐,香爐,金爐
馬汀鞋,馬汀鞋,馬丁鞋,馬丁靴,馬汀靴,馬汀大夫鞋
高筒鞋,高筒鞋,高幫鞋
高跟鞋,高跟鞋,跟鞋
魚口鞋,魚口鞋,魚嘴鞋
鹽燈能量館,鹽燈能量館,瑰麗寶
黑晶爐,黑晶爐,太陽爐,微晶爐,微晶電磁爐
